{
  "means": {
    "entropy_p10": 0.8286378110592936,
    "bias_p90": 0.19781047613783317,
    "chi_norm_mean": 0.05472581880167127,
    "lsb_residual_p90": 0.9660347998142242,
    "bp_suspicion_p90": 0.19781047613783317
  },
  "stds": {
    "entropy_p10": 0.2256299540522731,
    "bias_p90": 0.11322992612672603,
    "chi_norm_mean": 0.07519433847786805,
    "lsb_residual_p90": 0.047210747895152665,
    "bp_suspicion_p90": 0.11322992612672603
  },
  "n_images": 22,
  "source_hint": "unspecified"
}